INSERT INTO student(id, name, email, password)
VALUES
(1, 'student_1', 'student_1@gmail.com', 'student_1@123'),
(2, 'student_2', 'student_2@gmail.com', 'student_2@123'),
(3, 'student_3', 'student_3@gmail.com', 'student_3@123'),
(4, 'student_4', 'student_4@gmail.com', 'student_4@123'),
(5, 'student_5', 'student_5@gmail.com', 'student_5@123'),
(6, 'student_6', 'student_6@gmail.com', 'student_6@123'),
(7, 'student_7', 'student_7@gmail.com', 'student_7@123'),
(8, 'student_8', 'student_8@gmail.com', 'student_8@123'),
(9, 'student_9', 'student_9@gmail.com', 'student_9@123'),
(10, 'student_10', 'student_10@gmail.com', 'student_10@123'),
(11, 'student_11', 'student_11@gmail.com', 'student_11@123'),
(12, 'student_12', 'student_12@gmail.com', 'student_12@123'),
(13, 'student_13', 'student_13@gmail.com', 'student_13@123'),
(14, 'student_14', 'student_14@gmail.com', 'student_14@123'),
(15, 'student_15', 'student_15@gmail.com', 'student_15@123'),
(16, 'student_16', 'student_16@gmail.com', 'student_16@123'),
(17, 'student_17', 'student_17@gmail.com', 'student_17@123'),
(18, 'student_18', 'student_18@gmail.com', 'student_18@123'),
(19, 'student_19', 'student_19@gmail.com', 'student_19@123'),
(20, 'student_20', 'student_20@gmail.com', 'student_20@123');

INSERT INTO subject(id, name)
VALUES
(1, 'subject_1'),
(2, 'subject_2'),
(3, 'subject_3'),
(4, 'subject_4'),
(5, 'subject_5');

INSERT INTO student_subject(id, student_id, subject_id)
VALUES
(1, 1, 1),
(2, 1, 2),
(3, 1, 3),
(4, 1, 4),
(5, 1, 5),
(6, 2, 2),
(7, 2, 4),
(8, 2, 5),
(9, 3, 2),
(10, 3, 3),
(11, 3, 4),
(12, 3, 5),
(13, 4, 1),
(14, 4, 2),
(15, 5, 1),
(16, 5, 3),
(17, 6, 4),
(18, 6, 5),
(19, 7, 1),
(20, 7, 3),
(21, 8, 2),
(22, 8, 4),
(23, 9, 3),
(24, 9, 5),
(25, 10, 2),
(26, 10, 5),
(27, 11, 1),
(28, 12, 2),
(29, 13, 1),
(30, 14, 2),
(31, 15, 3),
(32, 16, 4),
(33, 16, 5),
(34, 17, 1),
(35, 17, 3),
(36, 18, 3),
(37, 19, 4),
(38, 20, 5);